tweet_id,text,source_file,categories,priority,cluster_id,clean_text
tweet_1026,RT @emergency_intel: URGENT: St. Jude Hospital emergency wing overwhelmed after M6.4 earthquake! Critically low on O-negative blood units and trauma surgery kits!,event_central_earthquake.json.gz,['MedicalNeeds'],Critical,EVENT_EARTHQUAKE_CENTRAL,urgent: st. jude hospital emergency wing overwhelmed after m6.4 earthquake! critically low on o-negative blood units and trauma surgery kits!
tweet_1027,Paramedics urgently requesting portable oxygen concentrators and burn dressing kits at Central Community Clinic. Multiple crush injuries incoming.,event_central_earthquake.json.gz,['MedicalNeeds'],Critical,EVENT_EARTHQUAKE_CENTRAL,paramedics urgently requesting portable oxygen concentrators and burn dressing kits at central community clinic. multiple crush injuries incoming.
tweet_1028,"Field hospital established at South High School football stadium. Immediate need for volunteer triage physicians, pediatric medicine, and sterile bandages.",event_central_earthquake.json.gz,['MedicalNeeds'],Critical,EVENT_EARTHQUAKE_CENTRAL,"field hospital established at south high school football stadium. immediate need for volunteer triage physicians, pediatric medicine, and sterile bandages."
tweet_1029,Mass casualty triage center active at City Pavilion. Treating 45 patients with fractures and lacerations. Sterile saline and IV kits urgently needed!,event_central_earthquake.json.gz,['MedicalNeeds'],Critical,EVENT_EARTHQUAKE_CENTRAL,mass casualty triage center active at city pavilion. treating 45 patients with fractures and lacerations. sterile saline and iv kits urgently needed!
tweet_1030,"RT @emergency_intel: City Hospital pharmacy collapsed. Insulin, asthma inhalers, and cardiac medications needed immediately for sheltered chronic patients. #DisasterMed",event_central_earthquake.json.gz,['MedicalNeeds'],Critical,EVENT_EARTHQUAKE_CENTRAL,"city hospital pharmacy collapsed. insulin, asthma inhalers, and cardiac medications needed immediately for sheltered chronic patients. disastermed"
tweet_1031,Blood bank appeal: Donors needed tomorrow 7 AM at Blood Care Mobile units. Current hospital reserve is under 2 hours for trauma cases. https://t.co/disaster0031,event_central_earthquake.json.gz,['MedicalNeeds'],Critical,EVENT_EARTHQUAKE_CENTRAL,blood bank appeal: donors needed tomorrow 7 am at blood care mobile units. current hospital reserve is under 2 hours for trauma cases.
tweet_1032,Emergency dialysis equipment urgently requested at North Pavilion. Power generator fuel low. 14 critical kidney patients awaiting treatment.,event_central_earthquake.json.gz,['MedicalNeeds'],Critical,EVENT_EARTHQUAKE_CENTRAL,emergency dialysis equipment urgently requested at north pavilion. power generator fuel low. 14 critical kidney patients awaiting treatment.
tweet_1033,Medical dispatch: Ambulances unable to reach downtown due to rubble. Need volunteer EMTs with portable trauma backpacks on foot.,event_central_earthquake.json.gz,['MedicalNeeds'],Critical,EVENT_EARTHQUAKE_CENTRAL,medical dispatch: ambulances unable to reach downtown due to rubble. need volunteer emts with portable trauma backpacks on foot.
tweet_1034,RT @emergency_intel: URGENT: St. Jude Hospital emergency wing overwhelmed after M6.4 earthquake! Critically low on O-negative blood units and trauma surgery kits!,event_central_earthquake.json.gz,['MedicalNeeds'],Critical,EVENT_EARTHQUAKE_CENTRAL,urgent: st. jude hospital emergency wing overwhelmed after m6.4 earthquake! critically low on o-negative blood units and trauma surgery kits!
tweet_1035,Paramedics urgently requesting portable oxygen concentrators and burn dressing kits at Central Community Clinic. Multiple crush injuries incoming.,event_central_earthquake.json.gz,['MedicalNeeds'],Critical,EVENT_EARTHQUAKE_CENTRAL,paramedics urgently requesting portable oxygen concentrators and burn dressing kits at central community clinic. multiple crush injuries incoming.
tweet_1036,"Field hospital established at South High School football stadium. Immediate need for volunteer triage physicians, pediatric medicine, and sterile bandages. https://t.co/disaster0036",event_central_earthquake.json.gz,['MedicalNeeds'],Critical,EVENT_EARTHQUAKE_CENTRAL,"field hospital established at south high school football stadium. immediate need for volunteer triage physicians, pediatric medicine, and sterile bandages."
tweet_1037,Mass casualty triage center active at City Pavilion. Treating 45 patients with fractures and lacerations. Sterile saline and IV kits urgently needed!,event_central_earthquake.json.gz,['MedicalNeeds'],Critical,EVENT_EARTHQUAKE_CENTRAL,mass casualty triage center active at city pavilion. treating 45 patients with fractures and lacerations. sterile saline and iv kits urgently needed!
tweet_1038,"RT @emergency_intel: City Hospital pharmacy collapsed. Insulin, asthma inhalers, and cardiac medications needed immediately for sheltered chronic patients. #DisasterMed",event_central_earthquake.json.gz,['MedicalNeeds'],Critical,EVENT_EARTHQUAKE_CENTRAL,"city hospital pharmacy collapsed. insulin, asthma inhalers, and cardiac medications needed immediately for sheltered chronic patients. disastermed"
tweet_1039,Blood bank appeal: Donors needed tomorrow 7 AM at Blood Care Mobile units. Current hospital reserve is under 2 hours for trauma cases.,event_central_earthquake.json.gz,['MedicalNeeds'],Critical,EVENT_EARTHQUAKE_CENTRAL,blood bank appeal: donors needed tomorrow 7 am at blood care mobile units. current hospital reserve is under 2 hours for trauma cases.
tweet_1040,Emergency dialysis equipment urgently requested at North Pavilion. Power generator fuel low. 14 critical kidney patients awaiting treatment.,event_central_earthquake.json.gz,['MedicalNeeds'],Critical,EVENT_EARTHQUAKE_CENTRAL,emergency dialysis equipment urgently requested at north pavilion. power generator fuel low. 14 critical kidney patients awaiting treatment.
tweet_1041,Medical dispatch: Ambulances unable to reach downtown due to rubble. Need volunteer EMTs with portable trauma backpacks on foot. https://t.co/disaster0041,event_central_earthquake.json.gz,['MedicalNeeds'],Critical,EVENT_EARTHQUAKE_CENTRAL,medical dispatch: ambulances unable to reach downtown due to rubble. need volunteer emts with portable trauma backpacks on foot.
tweet_1042,RT @emergency_intel: URGENT: St. Jude Hospital emergency wing overwhelmed after M6.4 earthquake! Critically low on O-negative blood units and trauma surgery kits!,event_central_earthquake.json.gz,['MedicalNeeds'],Critical,EVENT_EARTHQUAKE_CENTRAL,urgent: st. jude hospital emergency wing overwhelmed after m6.4 earthquake! critically low on o-negative blood units and trauma surgery kits!
tweet_1043,Paramedics urgently requesting portable oxygen concentrators and burn dressing kits at Central Community Clinic. Multiple crush injuries incoming.,event_central_earthquake.json.gz,['MedicalNeeds'],Critical,EVENT_EARTHQUAKE_CENTRAL,paramedics urgently requesting portable oxygen concentrators and burn dressing kits at central community clinic. multiple crush injuries incoming.
tweet_1044,"Field hospital established at South High School football stadium. Immediate need for volunteer triage physicians, pediatric medicine, and sterile bandages.",event_central_earthquake.json.gz,['MedicalNeeds'],Critical,EVENT_EARTHQUAKE_CENTRAL,"field hospital established at south high school football stadium. immediate need for volunteer triage physicians, pediatric medicine, and sterile bandages."
tweet_1045,Mass casualty triage center active at City Pavilion. Treating 45 patients with fractures and lacerations. Sterile saline and IV kits urgently needed!,event_central_earthquake.json.gz,['MedicalNeeds'],Critical,EVENT_EARTHQUAKE_CENTRAL,mass casualty triage center active at city pavilion. treating 45 patients with fractures and lacerations. sterile saline and iv kits urgently needed!
tweet_1046,"RT @emergency_intel: City Hospital pharmacy collapsed. Insulin, asthma inhalers, and cardiac medications needed immediately for sheltered chronic patients. #DisasterMed",event_central_earthquake.json.gz,['MedicalNeeds'],Critical,EVENT_EARTHQUAKE_CENTRAL,"city hospital pharmacy collapsed. insulin, asthma inhalers, and cardiac medications needed immediately for sheltered chronic patients. disastermed"
tweet_1047,Blood bank appeal: Donors needed tomorrow 7 AM at Blood Care Mobile units. Current hospital reserve is under 2 hours for trauma cases.,event_central_earthquake.json.gz,['MedicalNeeds'],Critical,EVENT_EARTHQUAKE_CENTRAL,blood bank appeal: donors needed tomorrow 7 am at blood care mobile units. current hospital reserve is under 2 hours for trauma cases.
tweet_1048,Emergency dialysis equipment urgently requested at North Pavilion. Power generator fuel low. 14 critical kidney patients awaiting treatment.,event_central_earthquake.json.gz,['MedicalNeeds'],Critical,EVENT_EARTHQUAKE_CENTRAL,emergency dialysis equipment urgently requested at north pavilion. power generator fuel low. 14 critical kidney patients awaiting treatment.
tweet_1049,Medical dispatch: Ambulances unable to reach downtown due to rubble. Need volunteer EMTs with portable trauma backpacks on foot.,event_central_earthquake.json.gz,['MedicalNeeds'],Critical,EVENT_EARTHQUAKE_CENTRAL,medical dispatch: ambulances unable to reach downtown due to rubble. need volunteer emts with portable trauma backpacks on foot.
tweet_1050,RT @emergency_intel: URGENT: St. Jude Hospital emergency wing overwhelmed after M6.4 earthquake! Critically low on O-negative blood units and trauma surgery kits!,event_central_earthquake.json.gz,['MedicalNeeds'],Critical,EVENT_EARTHQUAKE_CENTRAL,urgent: st. jude hospital emergency wing overwhelmed after m6.4 earthquake! critically low on o-negative blood units and trauma surgery kits!
tweet_1076,"RT @emergency_intel: Over 1,200 coastal evacuees currently registered at Memorial Convention Center shelter. Hot meals, cots, and dry hygiene kits being distributed.",event_coastal_hurricane.json.gz,['AffectedPopulation'],Medium,EVENT_HURRICANE_COASTAL,"over 1,200 coastal evacuees currently registered at memorial convention center shelter. hot meals, cots, and dry hygiene kits being distributed."
tweet_1077,Displaced families arriving at Westside Church gymnasium shelter. Cots are full; second intake shelter opening at East High School tonight.,event_coastal_hurricane.json.gz,['AffectedPopulation'],Medium,EVENT_HURRICANE_COASTAL,displaced families arriving at westside church gymnasium shelter. cots are full; second intake shelter opening at east high school tonight.
tweet_1078,Missing person alert: 74-year-old grandmother last seen wearing blue raincoat during evacuation from Bayfront Avenue. Contact dispatch with info.,event_coastal_hurricane.json.gz,['AffectedPopulation'],Medium,EVENT_HURRICANE_COASTAL,missing person alert: 74-year-old grandmother last seen wearing blue raincoat during evacuation from bayfront avenue. contact dispatch with info.
tweet_1079,Pet-friendly temporary shelter opened at Fairgrounds Pavilion 3 for residents evacuating with dogs and cats. Food and water bowls available.,event_coastal_hurricane.json.gz,['AffectedPopulation'],Medium,EVENT_HURRICANE_COASTAL,pet-friendly temporary shelter opened at fairgrounds pavilion 3 for residents evacuating with dogs and cats. food and water bowls available.
tweet_1080,RT @emergency_intel: Red Cross family reunification desk set up at Central Arena. Please check in online or visit desk if looking for separated relatives. #FamilyFind,event_coastal_hurricane.json.gz,['AffectedPopulation'],Medium,EVENT_HURRICANE_COASTAL,red cross family reunification desk set up at central arena. please check in online or visit desk if looking for separated relatives. familyfind
tweet_1081,Community liaison: 85 foreign tourists stranded at Harbor Hotel without transport. Shuttle buses dispatched to transport to airport evacuation hub. https://t.co/disaster0081,event_coastal_hurricane.json.gz,['AffectedPopulation'],Medium,EVENT_HURRICANE_COASTAL,community liaison: 85 foreign tourists stranded at harbor hotel without transport. shuttle buses dispatched to transport to airport evacuation hub.
tweet_1082,Evacuee welfare update: Clean water dispensers and phone charging stations installed at South Shelter entrance. Safe zones established.,event_coastal_hurricane.json.gz,['AffectedPopulation'],Medium,EVENT_HURRICANE_COASTAL,evacuee welfare update: clean water dispensers and phone charging stations installed at south shelter entrance. safe zones established.
tweet_1083,"Over 1,200 coastal evacuees currently registered at Memorial Convention Center shelter. Hot meals, cots, and dry hygiene kits being distributed.",event_coastal_hurricane.json.gz,['AffectedPopulation'],Medium,EVENT_HURRICANE_COASTAL,"over 1,200 coastal evacuees currently registered at memorial convention center shelter. hot meals, cots, and dry hygiene kits being distributed."
tweet_1084,RT @emergency_intel: Displaced families arriving at Westside Church gymnasium shelter. Cots are full; second intake shelter opening at East High School tonight.,event_coastal_hurricane.json.gz,['AffectedPopulation'],Medium,EVENT_HURRICANE_COASTAL,displaced families arriving at westside church gymnasium shelter. cots are full; second intake shelter opening at east high school tonight.
tweet_1085,Missing person alert: 74-year-old grandmother last seen wearing blue raincoat during evacuation from Bayfront Avenue. Contact dispatch with info.,event_coastal_hurricane.json.gz,['AffectedPopulation'],Medium,EVENT_HURRICANE_COASTAL,missing person alert: 74-year-old grandmother last seen wearing blue raincoat during evacuation from bayfront avenue. contact dispatch with info.
tweet_1086,Pet-friendly temporary shelter opened at Fairgrounds Pavilion 3 for residents evacuating with dogs and cats. Food and water bowls available. https://t.co/disaster0086,event_coastal_hurricane.json.gz,['AffectedPopulation'],Medium,EVENT_HURRICANE_COASTAL,pet-friendly temporary shelter opened at fairgrounds pavilion 3 for residents evacuating with dogs and cats. food and water bowls available.
tweet_1087,Red Cross family reunification desk set up at Central Arena. Please check in online or visit desk if looking for separated relatives. #FamilyFind,event_coastal_hurricane.json.gz,['AffectedPopulation'],Medium,EVENT_HURRICANE_COASTAL,red cross family reunification desk set up at central arena. please check in online or visit desk if looking for separated relatives. familyfind
tweet_1088,RT @emergency_intel: Community liaison: 85 foreign tourists stranded at Harbor Hotel without transport. Shuttle buses dispatched to transport to airport evacuation hub.,event_coastal_hurricane.json.gz,['AffectedPopulation'],Medium,EVENT_HURRICANE_COASTAL,community liaison: 85 foreign tourists stranded at harbor hotel without transport. shuttle buses dispatched to transport to airport evacuation hub.
tweet_1089,Evacuee welfare update: Clean water dispensers and phone charging stations installed at South Shelter entrance. Safe zones established.,event_coastal_hurricane.json.gz,['AffectedPopulation'],Medium,EVENT_HURRICANE_COASTAL,evacuee welfare update: clean water dispensers and phone charging stations installed at south shelter entrance. safe zones established.
tweet_1090,"Over 1,200 coastal evacuees currently registered at Memorial Convention Center shelter. Hot meals, cots, and dry hygiene kits being distributed.",event_coastal_hurricane.json.gz,['AffectedPopulation'],Medium,EVENT_HURRICANE_COASTAL,"over 1,200 coastal evacuees currently registered at memorial convention center shelter. hot meals, cots, and dry hygiene kits being distributed."
tweet_1091,Displaced families arriving at Westside Church gymnasium shelter. Cots are full; second intake shelter opening at East High School tonight. https://t.co/disaster0091,event_coastal_hurricane.json.gz,['AffectedPopulation'],Medium,EVENT_HURRICANE_COASTAL,displaced families arriving at westside church gymnasium shelter. cots are full; second intake shelter opening at east high school tonight.
tweet_1092,RT @emergency_intel: Missing person alert: 74-year-old grandmother last seen wearing blue raincoat during evacuation from Bayfront Avenue. Contact dispatch with info.,event_coastal_hurricane.json.gz,['AffectedPopulation'],Medium,EVENT_HURRICANE_COASTAL,missing person alert: 74-year-old grandmother last seen wearing blue raincoat during evacuation from bayfront avenue. contact dispatch with info.
tweet_1093,Pet-friendly temporary shelter opened at Fairgrounds Pavilion 3 for residents evacuating with dogs and cats. Food and water bowls available.,event_coastal_hurricane.json.gz,['AffectedPopulation'],Medium,EVENT_HURRICANE_COASTAL,pet-friendly temporary shelter opened at fairgrounds pavilion 3 for residents evacuating with dogs and cats. food and water bowls available.
tweet_1094,Red Cross family reunification desk set up at Central Arena. Please check in online or visit desk if looking for separated relatives. #FamilyFind,event_coastal_hurricane.json.gz,['AffectedPopulation'],Medium,EVENT_HURRICANE_COASTAL,red cross family reunification desk set up at central arena. please check in online or visit desk if looking for separated relatives. familyfind
tweet_1095,Community liaison: 85 foreign tourists stranded at Harbor Hotel without transport. Shuttle buses dispatched to transport to airport evacuation hub.,event_coastal_hurricane.json.gz,['AffectedPopulation'],Medium,EVENT_HURRICANE_COASTAL,community liaison: 85 foreign tourists stranded at harbor hotel without transport. shuttle buses dispatched to transport to airport evacuation hub.
tweet_1096,RT @emergency_intel: Evacuee welfare update: Clean water dispensers and phone charging stations installed at South Shelter entrance. Safe zones established.,event_coastal_hurricane.json.gz,['AffectedPopulation'],Medium,EVENT_HURRICANE_COASTAL,evacuee welfare update: clean water dispensers and phone charging stations installed at south shelter entrance. safe zones established.
tweet_1097,"Over 1,200 coastal evacuees currently registered at Memorial Convention Center shelter. Hot meals, cots, and dry hygiene kits being distributed.",event_coastal_hurricane.json.gz,['AffectedPopulation'],Medium,EVENT_HURRICANE_COASTAL,"over 1,200 coastal evacuees currently registered at memorial convention center shelter. hot meals, cots, and dry hygiene kits being distributed."
tweet_1098,Displaced families arriving at Westside Church gymnasium shelter. Cots are full; second intake shelter opening at East High School tonight.,event_coastal_hurricane.json.gz,['AffectedPopulation'],Medium,EVENT_HURRICANE_COASTAL,displaced families arriving at westside church gymnasium shelter. cots are full; second intake shelter opening at east high school tonight.
tweet_1099,Missing person alert: 74-year-old grandmother last seen wearing blue raincoat during evacuation from Bayfront Avenue. Contact dispatch with info.,event_coastal_hurricane.json.gz,['AffectedPopulation'],Medium,EVENT_HURRICANE_COASTAL,missing person alert: 74-year-old grandmother last seen wearing blue raincoat during evacuation from bayfront avenue. contact dispatch with info.
tweet_1100,RT @emergency_intel: Pet-friendly temporary shelter opened at Fairgrounds Pavilion 3 for residents evacuating with dogs and cats. Food and water bowls available.,event_coastal_hurricane.json.gz,['AffectedPopulation'],Medium,EVENT_HURRICANE_COASTAL,pet-friendly temporary shelter opened at fairgrounds pavilion 3 for residents evacuating with dogs and cats. food and water bowls available.
tweet_1101,"RT @emergency_intel: Relief donation warehouse open at Gate 4, Port Logistics Park. Accepting canned food, bottled water, baby diapers, and unopened hygiene supplies.",event_harbor_relief.json.gz,['DonationsAndVolunteering'],Low,EVENT_RELIEF_HARBOR,"relief donation warehouse open at gate 4, port logistics park. accepting canned food, bottled water, baby diapers, and unopened hygiene supplies."
tweet_1102,Volunteer callout: 50 volunteers needed tomorrow morning at 8:30 AM to assist with sorting and palletizing emergency relief packages.,event_harbor_relief.json.gz,['DonationsAndVolunteering'],Low,EVENT_RELIEF_HARBOR,volunteer callout: 50 volunteers needed tomorrow morning at 8:30 am to assist with sorting and palletizing emergency relief packages.
tweet_1103,Massive thank you to local bakeries and restaurants providing 500 hot meals to emergency utility crews and rescue workers today! #CommunityHeroes,event_harbor_relief.json.gz,['DonationsAndVolunteering'],Low,EVENT_RELIEF_HARBOR,massive thank you to local bakeries and restaurants providing 500 hot meals to emergency utility crews and rescue workers today! communityheroes
tweet_1104,Pet rescue network seeking foster homes for 30 displaced shelter dogs and cats while families transition to temporary housing.,event_harbor_relief.json.gz,['DonationsAndVolunteering'],Low,EVENT_RELIEF_HARBOR,pet rescue network seeking foster homes for 30 displaced shelter dogs and cats while families transition to temporary housing.
tweet_1105,"RT @emergency_intel: Donation center announcement: We currently have enough clothing. High demand now is baby formula, portable power banks, and heavy-duty work gloves.",event_harbor_relief.json.gz,['DonationsAndVolunteering'],Low,EVENT_RELIEF_HARBOR,"donation center announcement: we currently have enough clothing. high demand now is baby formula, portable power banks, and heavy-duty work gloves."
tweet_1106,"Weekend volunteer cleanup brigade organizing Sunday 9 AM at Riverfront Park. Bring rubber boots, shovels, and work gloves. #CleanupSquad https://t.co/disaster0106",event_harbor_relief.json.gz,['DonationsAndVolunteering'],Low,EVENT_RELIEF_HARBOR,"weekend volunteer cleanup brigade organizing sunday 9 am at riverfront park. bring rubber boots, shovels, and work gloves. cleanupsquad"
tweet_1107,Monetary donation link established via verified disaster foundation. 100% of proceeds go to emergency food hampers and shelter vouchers.,event_harbor_relief.json.gz,['DonationsAndVolunteering'],Low,EVENT_RELIEF_HARBOR,monetary donation link established via verified disaster foundation. 100 of proceeds go to emergency food hampers and shelter vouchers.
tweet_1108,"Relief donation warehouse open at Gate 4, Port Logistics Park. Accepting canned food, bottled water, baby diapers, and unopened hygiene supplies.",event_harbor_relief.json.gz,['DonationsAndVolunteering'],Low,EVENT_RELIEF_HARBOR,"relief donation warehouse open at gate 4, port logistics park. accepting canned food, bottled water, baby diapers, and unopened hygiene supplies."
tweet_1109,RT @emergency_intel: Volunteer callout: 50 volunteers needed tomorrow morning at 8:30 AM to assist with sorting and palletizing emergency relief packages.,event_harbor_relief.json.gz,['DonationsAndVolunteering'],Low,EVENT_RELIEF_HARBOR,volunteer callout: 50 volunteers needed tomorrow morning at 8:30 am to assist with sorting and palletizing emergency relief packages.
tweet_1110,Massive thank you to local bakeries and restaurants providing 500 hot meals to emergency utility crews and rescue workers today! #CommunityHeroes,event_harbor_relief.json.gz,['DonationsAndVolunteering'],Low,EVENT_RELIEF_HARBOR,massive thank you to local bakeries and restaurants providing 500 hot meals to emergency utility crews and rescue workers today! communityheroes
tweet_1111,Pet rescue network seeking foster homes for 30 displaced shelter dogs and cats while families transition to temporary housing. https://t.co/disaster0111,event_harbor_relief.json.gz,['DonationsAndVolunteering'],Low,EVENT_RELIEF_HARBOR,pet rescue network seeking foster homes for 30 displaced shelter dogs and cats while families transition to temporary housing.
tweet_1112,"Donation center announcement: We currently have enough clothing. High demand now is baby formula, portable power banks, and heavy-duty work gloves.",event_harbor_relief.json.gz,['DonationsAndVolunteering'],Low,EVENT_RELIEF_HARBOR,"donation center announcement: we currently have enough clothing. high demand now is baby formula, portable power banks, and heavy-duty work gloves."
tweet_1113,"RT @emergency_intel: Weekend volunteer cleanup brigade organizing Sunday 9 AM at Riverfront Park. Bring rubber boots, shovels, and work gloves. #CleanupSquad",event_harbor_relief.json.gz,['DonationsAndVolunteering'],Low,EVENT_RELIEF_HARBOR,"weekend volunteer cleanup brigade organizing sunday 9 am at riverfront park. bring rubber boots, shovels, and work gloves. cleanupsquad"
tweet_1114,Monetary donation link established via verified disaster foundation. 100% of proceeds go to emergency food hampers and shelter vouchers.,event_harbor_relief.json.gz,['DonationsAndVolunteering'],Low,EVENT_RELIEF_HARBOR,monetary donation link established via verified disaster foundation. 100 of proceeds go to emergency food hampers and shelter vouchers.
tweet_1115,"Relief donation warehouse open at Gate 4, Port Logistics Park. Accepting canned food, bottled water, baby diapers, and unopened hygiene supplies.",event_harbor_relief.json.gz,['DonationsAndVolunteering'],Low,EVENT_RELIEF_HARBOR,"relief donation warehouse open at gate 4, port logistics park. accepting canned food, bottled water, baby diapers, and unopened hygiene supplies."
tweet_1116,Volunteer callout: 50 volunteers needed tomorrow morning at 8:30 AM to assist with sorting and palletizing emergency relief packages. https://t.co/disaster0116,event_harbor_relief.json.gz,['DonationsAndVolunteering'],Low,EVENT_RELIEF_HARBOR,volunteer callout: 50 volunteers needed tomorrow morning at 8:30 am to assist with sorting and palletizing emergency relief packages.
tweet_1117,RT @emergency_intel: Massive thank you to local bakeries and restaurants providing 500 hot meals to emergency utility crews and rescue workers today! #CommunityHeroes,event_harbor_relief.json.gz,['DonationsAndVolunteering'],Low,EVENT_RELIEF_HARBOR,massive thank you to local bakeries and restaurants providing 500 hot meals to emergency utility crews and rescue workers today! communityheroes
tweet_1118,Pet rescue network seeking foster homes for 30 displaced shelter dogs and cats while families transition to temporary housing.,event_harbor_relief.json.gz,['DonationsAndVolunteering'],Low,EVENT_RELIEF_HARBOR,pet rescue network seeking foster homes for 30 displaced shelter dogs and cats while families transition to temporary housing.
tweet_1119,"Donation center announcement: We currently have enough clothing. High demand now is baby formula, portable power banks, and heavy-duty work gloves.",event_harbor_relief.json.gz,['DonationsAndVolunteering'],Low,EVENT_RELIEF_HARBOR,"donation center announcement: we currently have enough clothing. high demand now is baby formula, portable power banks, and heavy-duty work gloves."
tweet_1120,"Weekend volunteer cleanup brigade organizing Sunday 9 AM at Riverfront Park. Bring rubber boots, shovels, and work gloves. #CleanupSquad",event_harbor_relief.json.gz,['DonationsAndVolunteering'],Low,EVENT_RELIEF_HARBOR,"weekend volunteer cleanup brigade organizing sunday 9 am at riverfront park. bring rubber boots, shovels, and work gloves. cleanupsquad"
tweet_1121,RT @emergency_intel: Monetary donation link established via verified disaster foundation. 100% of proceeds go to emergency food hampers and shelter vouchers.,event_harbor_relief.json.gz,['DonationsAndVolunteering'],Low,EVENT_RELIEF_HARBOR,monetary donation link established via verified disaster foundation. 100 of proceeds go to emergency food hampers and shelter vouchers.
tweet_1122,"Relief donation warehouse open at Gate 4, Port Logistics Park. Accepting canned food, bottled water, baby diapers, and unopened hygiene supplies.",event_harbor_relief.json.gz,['DonationsAndVolunteering'],Low,EVENT_RELIEF_HARBOR,"relief donation warehouse open at gate 4, port logistics park. accepting canned food, bottled water, baby diapers, and unopened hygiene supplies."
tweet_1123,Volunteer callout: 50 volunteers needed tomorrow morning at 8:30 AM to assist with sorting and palletizing emergency relief packages.,event_harbor_relief.json.gz,['DonationsAndVolunteering'],Low,EVENT_RELIEF_HARBOR,volunteer callout: 50 volunteers needed tomorrow morning at 8:30 am to assist with sorting and palletizing emergency relief packages.
tweet_1124,Massive thank you to local bakeries and restaurants providing 500 hot meals to emergency utility crews and rescue workers today! #CommunityHeroes,event_harbor_relief.json.gz,['DonationsAndVolunteering'],Low,EVENT_RELIEF_HARBOR,massive thank you to local bakeries and restaurants providing 500 hot meals to emergency utility crews and rescue workers today! communityheroes
tweet_1125,RT @emergency_intel: Pet rescue network seeking foster homes for 30 displaced shelter dogs and cats while families transition to temporary housing.,event_harbor_relief.json.gz,['DonationsAndVolunteering'],Low,EVENT_RELIEF_HARBOR,pet rescue network seeking foster homes for 30 displaced shelter dogs and cats while families transition to temporary housing.
tweet_1051,RT @emergency_intel: Major structural damage: Pine Valley Bridge on Highway 101 cracked and buckling from fire heat. Highway closed in both directions until further notice.,event_pinevalley_fire.json.gz,['InfrastructureDamage'],High,EVENT_WILDFIRE_PINEVALLEY,major structural damage: pine valley bridge on highway 101 cracked and buckling from fire heat. highway closed in both directions until further notice.
tweet_1052,"Wildfire knocked down 4 main transmission towers. Over 35,000 households without electricity in Western Valley. Power grid repair crews blocked by fire.",event_pinevalley_fire.json.gz,['InfrastructureDamage'],High,EVENT_WILDFIRE_PINEVALLEY,"wildfire knocked down 4 main transmission towers. over 35,000 households without electricity in western valley. power grid repair crews blocked by fire."
tweet_1053,Water treatment plant near Pine Valley reservoir sustained pump electrical failure. Tap water contamination alert issued! Boil water notice in effect.,event_pinevalley_fire.json.gz,['InfrastructureDamage'],High,EVENT_WILDFIRE_PINEVALLEY,water treatment plant near pine valley reservoir sustained pump electrical failure. tap water contamination alert issued! boil water notice in effect.
tweet_1054,Cellular towers down across all of Westview county. Emergency responders relying exclusively on HAM radio relay frequencies 146.520 MHz.,event_pinevalley_fire.json.gz,['InfrastructureDamage'],High,EVENT_WILDFIRE_PINEVALLEY,cellular towers down across all of westview county. emergency responders relying exclusively on ham radio relay frequencies 146.520 mhz.
tweet_1055,RT @emergency_intel: Natural gas main rupture reported near 8th Street industrial park after falling burning pine trees. Fire crews requesting emergency gas valve shutdown.,event_pinevalley_fire.json.gz,['InfrastructureDamage'],High,EVENT_WILDFIRE_PINEVALLEY,natural gas main rupture reported near 8th street industrial park after falling burning pine trees. fire crews requesting emergency gas valve shutdown.
tweet_1056,Railway tracks severely warped by intense ground heat near mile marker 82. Freight line traffic suspended between North and South terminals. https://t.co/disaster0056,event_pinevalley_fire.json.gz,['InfrastructureDamage'],High,EVENT_WILDFIRE_PINEVALLEY,railway tracks severely warped by intense ground heat near mile marker 82. freight line traffic suspended between north and south terminals.
tweet_1057,Severe smoke and asphalt melting reported on Ridge Road. Road surface impassable for light emergency vehicles. Heavy bulldozers en route.,event_pinevalley_fire.json.gz,['InfrastructureDamage'],High,EVENT_WILDFIRE_PINEVALLEY,severe smoke and asphalt melting reported on ridge road. road surface impassable for light emergency vehicles. heavy bulldozers en route.
tweet_1058,"Structural safety inspection: North Elementary School building is NOT collapsed, but structural roof inspection is ongoing. School remains closed.",event_pinevalley_fire.json.gz,['InfrastructureDamage'],High,EVENT_WILDFIRE_PINEVALLEY,"structural safety inspection: north elementary school building is not collapsed, but structural roof inspection is ongoing. school remains closed."
tweet_1059,RT @emergency_intel: Major structural damage: Pine Valley Bridge on Highway 101 cracked and buckling from fire heat. Highway closed in both directions until further notice.,event_pinevalley_fire.json.gz,['InfrastructureDamage'],High,EVENT_WILDFIRE_PINEVALLEY,major structural damage: pine valley bridge on highway 101 cracked and buckling from fire heat. highway closed in both directions until further notice.
tweet_1060,"Wildfire knocked down 4 main transmission towers. Over 35,000 households without electricity in Western Valley. Power grid repair crews blocked by fire.",event_pinevalley_fire.json.gz,['InfrastructureDamage'],High,EVENT_WILDFIRE_PINEVALLEY,"wildfire knocked down 4 main transmission towers. over 35,000 households without electricity in western valley. power grid repair crews blocked by fire."
tweet_1061,Water treatment plant near Pine Valley reservoir sustained pump electrical failure. Tap water contamination alert issued! Boil water notice in effect. https://t.co/disaster0061,event_pinevalley_fire.json.gz,['InfrastructureDamage'],High,EVENT_WILDFIRE_PINEVALLEY,water treatment plant near pine valley reservoir sustained pump electrical failure. tap water contamination alert issued! boil water notice in effect.
tweet_1062,Cellular towers down across all of Westview county. Emergency responders relying exclusively on HAM radio relay frequencies 146.520 MHz.,event_pinevalley_fire.json.gz,['InfrastructureDamage'],High,EVENT_WILDFIRE_PINEVALLEY,cellular towers down across all of westview county. emergency responders relying exclusively on ham radio relay frequencies 146.520 mhz.
tweet_1063,RT @emergency_intel: Natural gas main rupture reported near 8th Street industrial park after falling burning pine trees. Fire crews requesting emergency gas valve shutdown.,event_pinevalley_fire.json.gz,['InfrastructureDamage'],High,EVENT_WILDFIRE_PINEVALLEY,natural gas main rupture reported near 8th street industrial park after falling burning pine trees. fire crews requesting emergency gas valve shutdown.
tweet_1064,Railway tracks severely warped by intense ground heat near mile marker 82. Freight line traffic suspended between North and South terminals.,event_pinevalley_fire.json.gz,['InfrastructureDamage'],High,EVENT_WILDFIRE_PINEVALLEY,railway tracks severely warped by intense ground heat near mile marker 82. freight line traffic suspended between north and south terminals.
tweet_1065,Severe smoke and asphalt melting reported on Ridge Road. Road surface impassable for light emergency vehicles. Heavy bulldozers en route.,event_pinevalley_fire.json.gz,['InfrastructureDamage'],High,EVENT_WILDFIRE_PINEVALLEY,severe smoke and asphalt melting reported on ridge road. road surface impassable for light emergency vehicles. heavy bulldozers en route.
tweet_1066,"Structural safety inspection: North Elementary School building is NOT collapsed, but structural roof inspection is ongoing. School remains closed. https://t.co/disaster0066",event_pinevalley_fire.json.gz,['InfrastructureDamage'],High,EVENT_WILDFIRE_PINEVALLEY,"structural safety inspection: north elementary school building is not collapsed, but structural roof inspection is ongoing. school remains closed."
tweet_1067,RT @emergency_intel: Major structural damage: Pine Valley Bridge on Highway 101 cracked and buckling from fire heat. Highway closed in both directions until further notice.,event_pinevalley_fire.json.gz,['InfrastructureDamage'],High,EVENT_WILDFIRE_PINEVALLEY,major structural damage: pine valley bridge on highway 101 cracked and buckling from fire heat. highway closed in both directions until further notice.
tweet_1068,"Wildfire knocked down 4 main transmission towers. Over 35,000 households without electricity in Western Valley. Power grid repair crews blocked by fire.",event_pinevalley_fire.json.gz,['InfrastructureDamage'],High,EVENT_WILDFIRE_PINEVALLEY,"wildfire knocked down 4 main transmission towers. over 35,000 households without electricity in western valley. power grid repair crews blocked by fire."
tweet_1069,Water treatment plant near Pine Valley reservoir sustained pump electrical failure. Tap water contamination alert issued! Boil water notice in effect.,event_pinevalley_fire.json.gz,['InfrastructureDamage'],High,EVENT_WILDFIRE_PINEVALLEY,water treatment plant near pine valley reservoir sustained pump electrical failure. tap water contamination alert issued! boil water notice in effect.
tweet_1070,Cellular towers down across all of Westview county. Emergency responders relying exclusively on HAM radio relay frequencies 146.520 MHz.,event_pinevalley_fire.json.gz,['InfrastructureDamage'],High,EVENT_WILDFIRE_PINEVALLEY,cellular towers down across all of westview county. emergency responders relying exclusively on ham radio relay frequencies 146.520 mhz.
tweet_1071,RT @emergency_intel: Natural gas main rupture reported near 8th Street industrial park after falling burning pine trees. Fire crews requesting emergency gas valve shutdown.,event_pinevalley_fire.json.gz,['InfrastructureDamage'],High,EVENT_WILDFIRE_PINEVALLEY,natural gas main rupture reported near 8th street industrial park after falling burning pine trees. fire crews requesting emergency gas valve shutdown.
tweet_1072,Railway tracks severely warped by intense ground heat near mile marker 82. Freight line traffic suspended between North and South terminals.,event_pinevalley_fire.json.gz,['InfrastructureDamage'],High,EVENT_WILDFIRE_PINEVALLEY,railway tracks severely warped by intense ground heat near mile marker 82. freight line traffic suspended between north and south terminals.
tweet_1073,Severe smoke and asphalt melting reported on Ridge Road. Road surface impassable for light emergency vehicles. Heavy bulldozers en route.,event_pinevalley_fire.json.gz,['InfrastructureDamage'],High,EVENT_WILDFIRE_PINEVALLEY,severe smoke and asphalt melting reported on ridge road. road surface impassable for light emergency vehicles. heavy bulldozers en route.
tweet_1074,"Structural safety inspection: North Elementary School building is NOT collapsed, but structural roof inspection is ongoing. School remains closed.",event_pinevalley_fire.json.gz,['InfrastructureDamage'],High,EVENT_WILDFIRE_PINEVALLEY,"structural safety inspection: north elementary school building is not collapsed, but structural roof inspection is ongoing. school remains closed."
tweet_1075,RT @emergency_intel: Major structural damage: Pine Valley Bridge on Highway 101 cracked and buckling from fire heat. Highway closed in both directions until further notice.,event_pinevalley_fire.json.gz,['InfrastructureDamage'],High,EVENT_WILDFIRE_PINEVALLEY,major structural damage: pine valley bridge on highway 101 cracked and buckling from fire heat. highway closed in both directions until further notice.
tweet_1001,RT @emergency_intel: CRITICAL: Flash flood water rising rapidly on River Road! 5 people including children trapped on roof of vehicle at mile 14! #RivervaleFlood #RescueNeeded,event_rivervale_flood.json.gz,['SearchAndRescue'],Critical,EVENT_FLOOD_RIVERVALE,critical: flash flood water rising rapidly on river road! 5 people including children trapped on roof of vehicle at mile 14! rivervaleflood rescueneeded
tweet_1002,Emergency: Family of 4 stranded inside house near River Road crossing. Water is at second floor window level! Please send rescue boats!,event_rivervale_flood.json.gz,['SearchAndRescue'],Critical,EVENT_FLOOD_RIVERVALE,emergency: family of 4 stranded inside house near river road crossing. water is at second floor window level! please send rescue boats!
tweet_1003,Flood water sweeping through Elm Street neighborhood. Two elderly residents clinging to tree near bridge! Water rescue units needed urgently!,event_rivervale_flood.json.gz,['SearchAndRescue'],Critical,EVENT_FLOOD_RIVERVALE,flood water sweeping through elm street neighborhood. two elderly residents clinging to tree near bridge! water rescue units needed urgently!
tweet_1004,RT @RivervalePD: Urgent evacuation notice for River Road basin. Search and rescue zodiac boats deployed to Sector 4. Do NOT attempt to drive through flood water!,event_rivervale_flood.json.gz,['SearchAndRescue'],Critical,EVENT_FLOOD_RIVERVALE,urgent evacuation notice for river road basin. search and rescue zodiac boats deployed to sector 4. do not attempt to drive through flood water!
tweet_1005,RT @emergency_intel: Water levels crossing 8 feet near River Road church. 3 people trapped in minivan near bridge! https://t.co/floodrescue99 #FloodSOS,event_rivervale_flood.json.gz,['SearchAndRescue'],Critical,EVENT_FLOOD_RIVERVALE,water levels crossing 8 feet near river road church. 3 people trapped in minivan near bridge! floodsos
tweet_1006,Update: First responders on scene with swift water rescue team at River Road bridge. Evacuations in progress for 12 stranded residents. https://t.co/disaster0006,event_rivervale_flood.json.gz,['SearchAndRescue'],Critical,EVENT_FLOOD_RIVERVALE,update: first responders on scene with swift water rescue team at river road bridge. evacuations in progress for 12 stranded residents.
tweet_1007,Water rising over 2 inches per minute on River Road. 6 citizens unable to exit apartment ground floor! Urgent rescue required!,event_rivervale_flood.json.gz,['SearchAndRescue'],Critical,EVENT_FLOOD_RIVERVALE,water rising over 2 inches per minute on river road. 6 citizens unable to exit apartment ground floor! urgent rescue required!
tweet_1008,Coast guard helicopter spotted over River Road basin winching trapped flood victims from rooftop. Strong currents reported.,event_rivervale_flood.json.gz,['SearchAndRescue'],Critical,EVENT_FLOOD_RIVERVALE,coast guard helicopter spotted over river road basin winching trapped flood victims from rooftop. strong currents reported.
tweet_1009,RT @emergency_intel: CRITICAL: Flash flood water rising rapidly on River Road! 5 people including children trapped on roof of vehicle at mile 14! #RivervaleFlood #RescueNeeded,event_rivervale_flood.json.gz,['SearchAndRescue'],Critical,EVENT_FLOOD_RIVERVALE,critical: flash flood water rising rapidly on river road! 5 people including children trapped on roof of vehicle at mile 14! rivervaleflood rescueneeded
tweet_1010,Emergency: Family of 4 stranded inside house near River Road crossing. Water is at second floor window level! Please send rescue boats!,event_rivervale_flood.json.gz,['SearchAndRescue'],Critical,EVENT_FLOOD_RIVERVALE,emergency: family of 4 stranded inside house near river road crossing. water is at second floor window level! please send rescue boats!
tweet_1011,Flood water sweeping through Elm Street neighborhood. Two elderly residents clinging to tree near bridge! Water rescue units needed urgently! https://t.co/disaster0011,event_rivervale_flood.json.gz,['SearchAndRescue'],Critical,EVENT_FLOOD_RIVERVALE,flood water sweeping through elm street neighborhood. two elderly residents clinging to tree near bridge! water rescue units needed urgently!
tweet_1012,RT @RivervalePD: Urgent evacuation notice for River Road basin. Search and rescue zodiac boats deployed to Sector 4. Do NOT attempt to drive through flood water!,event_rivervale_flood.json.gz,['SearchAndRescue'],Critical,EVENT_FLOOD_RIVERVALE,urgent evacuation notice for river road basin. search and rescue zodiac boats deployed to sector 4. do not attempt to drive through flood water!
tweet_1013,RT @emergency_intel: Water levels crossing 8 feet near River Road church. 3 people trapped in minivan near bridge! https://t.co/floodrescue99 #FloodSOS,event_rivervale_flood.json.gz,['SearchAndRescue'],Critical,EVENT_FLOOD_RIVERVALE,water levels crossing 8 feet near river road church. 3 people trapped in minivan near bridge! floodsos
tweet_1014,Update: First responders on scene with swift water rescue team at River Road bridge. Evacuations in progress for 12 stranded residents.,event_rivervale_flood.json.gz,['SearchAndRescue'],Critical,EVENT_FLOOD_RIVERVALE,update: first responders on scene with swift water rescue team at river road bridge. evacuations in progress for 12 stranded residents.
tweet_1015,Water rising over 2 inches per minute on River Road. 6 citizens unable to exit apartment ground floor! Urgent rescue required!,event_rivervale_flood.json.gz,['SearchAndRescue'],Critical,EVENT_FLOOD_RIVERVALE,water rising over 2 inches per minute on river road. 6 citizens unable to exit apartment ground floor! urgent rescue required!
tweet_1016,Coast guard helicopter spotted over River Road basin winching trapped flood victims from rooftop. Strong currents reported. https://t.co/disaster0016,event_rivervale_flood.json.gz,['SearchAndRescue'],Critical,EVENT_FLOOD_RIVERVALE,coast guard helicopter spotted over river road basin winching trapped flood victims from rooftop. strong currents reported.
tweet_1017,RT @emergency_intel: CRITICAL: Flash flood water rising rapidly on River Road! 5 people including children trapped on roof of vehicle at mile 14! #RivervaleFlood #RescueNeeded,event_rivervale_flood.json.gz,['SearchAndRescue'],Critical,EVENT_FLOOD_RIVERVALE,critical: flash flood water rising rapidly on river road! 5 people including children trapped on roof of vehicle at mile 14! rivervaleflood rescueneeded
tweet_1018,Emergency: Family of 4 stranded inside house near River Road crossing. Water is at second floor window level! Please send rescue boats!,event_rivervale_flood.json.gz,['SearchAndRescue'],Critical,EVENT_FLOOD_RIVERVALE,emergency: family of 4 stranded inside house near river road crossing. water is at second floor window level! please send rescue boats!
tweet_1019,Flood water sweeping through Elm Street neighborhood. Two elderly residents clinging to tree near bridge! Water rescue units needed urgently!,event_rivervale_flood.json.gz,['SearchAndRescue'],Critical,EVENT_FLOOD_RIVERVALE,flood water sweeping through elm street neighborhood. two elderly residents clinging to tree near bridge! water rescue units needed urgently!
tweet_1020,RT @RivervalePD: Urgent evacuation notice for River Road basin. Search and rescue zodiac boats deployed to Sector 4. Do NOT attempt to drive through flood water!,event_rivervale_flood.json.gz,['SearchAndRescue'],Critical,EVENT_FLOOD_RIVERVALE,urgent evacuation notice for river road basin. search and rescue zodiac boats deployed to sector 4. do not attempt to drive through flood water!
tweet_1021,RT @emergency_intel: Water levels crossing 8 feet near River Road church. 3 people trapped in minivan near bridge! https://t.co/floodrescue99 #FloodSOS,event_rivervale_flood.json.gz,['SearchAndRescue'],Critical,EVENT_FLOOD_RIVERVALE,water levels crossing 8 feet near river road church. 3 people trapped in minivan near bridge! floodsos
tweet_1022,Update: First responders on scene with swift water rescue team at River Road bridge. Evacuations in progress for 12 stranded residents.,event_rivervale_flood.json.gz,['SearchAndRescue'],Critical,EVENT_FLOOD_RIVERVALE,update: first responders on scene with swift water rescue team at river road bridge. evacuations in progress for 12 stranded residents.
tweet_1023,Water rising over 2 inches per minute on River Road. 6 citizens unable to exit apartment ground floor! Urgent rescue required!,event_rivervale_flood.json.gz,['SearchAndRescue'],Critical,EVENT_FLOOD_RIVERVALE,water rising over 2 inches per minute on river road. 6 citizens unable to exit apartment ground floor! urgent rescue required!
tweet_1024,Coast guard helicopter spotted over River Road basin winching trapped flood victims from rooftop. Strong currents reported.,event_rivervale_flood.json.gz,['SearchAndRescue'],Critical,EVENT_FLOOD_RIVERVALE,coast guard helicopter spotted over river road basin winching trapped flood victims from rooftop. strong currents reported.
tweet_1025,RT @emergency_intel: CRITICAL: Flash flood water rising rapidly on River Road! 5 people including children trapped on roof of vehicle at mile 14! #RivervaleFlood #RescueNeeded,event_rivervale_flood.json.gz,['SearchAndRescue'],Critical,EVENT_FLOOD_RIVERVALE,critical: flash flood water rising rapidly on river road! 5 people including children trapped on roof of vehicle at mile 14! rivervaleflood rescueneeded
